scan#,peptide,glycan,score
2318,NATAKD,GlcNAc-2 Man-2 Fuc-1 ,0.14475
5228,NLFLNHSE,GlcNAc-2 ,0.997717
6075,NLFLNHSE,GlcNAc-2 ,0.0602669
6879,VVLHPNYSQVD,GlcNAc-4 Man-3 Gal-2 NeuAc-2 ,0.141008
6906,NATAKD,GlcNAc-2 Man-2 ,0.52378
7184,KVVLHPNYSQVD,GlcNAc-4 Man-3 Gal-2 NeuAc-2 ,0.159245
7188,KVVLHPNYSQVD,GlcNAc-4 Man-3 Gal-2 NeuAc-2 ,0.222697
7544,VVLHPNYSQVD,GlcNAc-6 Man-3 Gal-4 NeuAc-1 ,0.127903
7552,VVLHPNYSQVD,GlcNAc-5 Man-3 Gal-3 Fuc-1 NeuAc-1 ,0.0973597
7556,VVLHPNYSQVD,GlcNAc-4 Man-3 Gal-2 NeuAc-1 ,0.156691
7561,VVLHPNYSQVD,GlcNAc-5 Man-3 Gal-3 NeuAc-1 ,0.10611
7563,VVLHPNYSQVD,GlcNAc-5 Man-3 Gal-3 Fuc-1 NeuAc-1 ,0.101835
7600,VVLHPNYSQVD,GlcNAc-4 Man-3 Gal-2 Fuc-1 NeuAc-1 ,0.231281
7678,VVLHPNYSQVD,GlcNAc-4 Man-3 Gal-2 NeuAc-1 ,0.0778887
7688,NLFLNHSE,GlcNAc-5 Man-3 Gal-3 NeuAc-1 ,0.182486
7695,NATAKD,GlcNAc-2 Man-2 ,0.207405
7706,VVLHPNYSQVD,GlcNAc-4 Man-3 Gal-1 NeuAc-1 ,0.0677068
7720,VVLHPNYSQVD,GlcNAc-6 Man-3 Gal-4 Fuc-2 NeuAc-2 ,0.0612784
7722,VVLHPNYSQVD,GlcNAc-6 Man-3 Gal-4 Fuc-1 NeuAc-2 ,0.0995804
7728,NLFLNHSE,GlcNAc-4 Man-3 Gal-2 Fuc-1 NeuAc-1 ,0.195997
7732,NLFLNHSE,GlcNAc-4 Man-3 Gal-2 NeuAc-1 ,0.267847
7749,VVLHPNYSQVD,GlcNAc-6 Man-3 Gal-4 NeuAc-2 ,0.08011
7772,VVLHPNYSQVD,GlcNAc-6 Man-3 Gal-4 NeuAc-2 ,0.0776883
7798,NLFLNHSE,GlcNAc-4 Man-3 Gal-2 NeuAc-1 ,0.353984
7804,NLFLNHSE,GlcNAc-4 Man-3 Gal-2 NeuAc-1 ,0.0324426
7821,VVLHPNYSQVD,GlcNAc-4 Man-3 Gal-2 NeuAc-1 ,0.150563
7846,VVLHPNYSQVD,GlcNAc-4 Man-3 Gal-2 NeuAc-2 ,0.114073
7858,VVLHPNYSQVD,GlcNAc-5 Man-3 Gal-3 NeuAc-2 ,0.104109
7868,VVLHPNYSQVD,GlcNAc-4 Man-3 Gal-2 NeuAc-2 ,0.153526
7872,VVLHPNYSQVD,GlcNAc-4 Man-3 Gal-2 NeuAc-2 ,0.187963
7873,VVLHPNYSQVD,GlcNAc-3 Man-3 Gal-1 NeuAc-1 ,0.253727
7876,VVLHPNYSQVD,GlcNAc-3 Man-3 Gal-1 NeuAc-1 ,0.347332
7877,VVLHPNYSQVD,GlcNAc-2 Man-3 ,0.368968
7887,VVLHPNYSQVD,GlcNAc-3 Man-3 Gal-1 ,0.274524
7894,VVLHPNYSQVD,GlcNAc-4 Man-3 Gal-2 NeuAc-1 ,0.0933353
7916,VVLHPNYSQVD,GlcNAc-4 Man-3 Gal-2 Fuc-1 NeuAc-2 ,0.152499
7926,VVLHPNYSQVD,GlcNAc-6 Man-3 Gal-4 Fuc-2 NeuAc-3 ,0.0777305
7930,NLFLNHSE,GlcNAc-5 Man-3 Gal-3 Fuc-1 NeuAc-2 ,0.256859
7934,VVLHPNYSQVD,GlcNAc-6 Man-3 Gal-4 NeuAc-3 ,0.0648589
8001,NLFLNHSE,GlcNAc-5 Man-3 Gal-3 NeuAc-2 ,0.0771385
8016,VVLHPNYSQVD,GlcNAc-5 Man-3 Gal-3 Fuc-2 NeuAc-3 ,0.105843
8020,VVLHPNYSQVD,GlcNAc-5 Man-3 Gal-3 NeuAc-2 ,0.177981
8035,VVLHPNYSQVD,GlcNAc-5 Man-3 Gal-3 NeuAc-3 ,0.0503463
8039,VVLHPNYSQVD,GlcNAc-4 Man-3 Gal-2 NeuAc-2 ,0.234216
8044,VVLHPNYSQVD,GlcNAc-5 Man-3 Gal-3 Fuc-1 NeuAc-3 ,0.129537
8077,VVLHPNYSQVD,GlcNAc-5 Man-3 Gal-3 NeuAc-3 ,0.122093
8090,MVSHHNLTTGATLINE,GlcNAc-5 Man-3 Gal-3 Fuc-1 NeuAc-1 ,0.103769
8093,NLFLNHSENATAKD,GlcNAc-6 Man-3 Gal-3 NeuAc-2 ,0.105403
8093,NLFLNHSENATAKD,GlcNAc-6 Man-3 Gal-3 NeuAc-2 ,0.105403
8100,NLFLNHSE,GlcNAc-4 Man-3 Gal-2 NeuAc-2 ,0.198415
8107,MVSHHNLTTGATLINE,GlcNAc-5 Man-3 Gal-3 NeuAc-1 ,0.116506
8111,MVSHHNLTTGATLINE,GlcNAc-5 Man-3 Gal-3 NeuAc-1 ,0.0885428
8115,NLFLNHSE,GlcNAc-4 Man-3 Gal-2 NeuAc-2 ,0.236589
8123,MVSHHNLTTGATLINE,GlcNAc-4 Man-3 Gal-2 Fuc-1 NeuAc-1 ,0.113886
8137,NLFLNHSE,GlcNAc-3 Man-3 Gal-1 NeuAc-1 ,0.326894
8170,MVSHHNLTTGATLINE,GlcNAc-4 Man-3 Gal-2 Fuc-1 NeuAc-1 ,0.15338
8176,MVSHHNLTTGATLINE,GlcNAc-4 Man-3 Gal-2 NeuAc-1 ,0.121084
8194,MVSHHNLTTGATLINE,GlcNAc-4 Man-3 Gal-2 NeuAc-1 ,0.0793569
8217,MVSHHNLTTGATLINE,GlcNAc-4 Man-3 Gal-2 ,0.0816677
8229,NLFLNHSE,GlcNAc-5 Man-3 Gal-3 NeuAc-3 ,0.204447
8304,NLFLNHSENATAKD,GlcNAc-6 Man-3 Gal-3 Fuc-1 NeuAc-3 ,0.209306
8304,NLFLNHSENATAKD,GlcNAc-6 Man-3 Gal-3 Fuc-1 NeuAc-3 ,0.209306
8352,MVSHHNLTTGATLINE,GlcNAc-5 Man-3 Gal-3 Fuc-4 NeuAc-1 ,0.159968
8419,MVSHHNLTTGATLINE,GlcNAc-4 Man-3 Gal-2 Fuc-1 NeuAc-2 ,0.116288
8422,MVSHHNLTTGATLINE,GlcNAc-5 Man-3 Gal-3 NeuAc-2 ,0.108687
8430,MVSHHNLTTGATLINE,GlcNAc-5 Man-3 Gal-3 Fuc-1 NeuAc-2 ,0.112781
8465,KVVLHPNYSQVD,GlcNAc-2 Man-1 ,0.0612294
8475,MVSHHNLTTGATLINE,GlcNAc-5 Man-3 Gal-3 Fuc-1 NeuAc-2 ,0.0684604
8489,NLFLNHSENATAK,GlcNAc-2 ,0.122333
8490,NLFLNHSENATAK,GlcNAc-2 ,0.289286
8495,MVSHHNLTTGATLINE,GlcNAc-4 Man-3 Gal-2 NeuAc-2 ,0.119947
8513,NLFLNHSE,GlcNAc-1 Fuc-1 ,0.0668505
8514,MVSHHNLTTGATLINE,GlcNAc-5 Man-3 Gal-3 Fuc-3 NeuAc-1 ,0.108045
8529,MVSHHNLTTGATLINE,GlcNAc-4 Man-3 Gal-2 NeuAc-1 ,0.16832
8532,MVSHHNLTTGATLINE,GlcNAc-4 Man-3 Gal-2 NeuAc-1 ,0.144627
8534,MVSHHNLTTGATLINE,GlcNAc-3 Man-3 Gal-1 NeuAc-1 ,0.215233
8556,MVSHHNLTTGATLINE,GlcNAc-4 Man-3 Gal-2 NeuAc-1 ,0.163416
8581,MVSHHNLTTGATLINE,GlcNAc-4 Man-3 Gal-2 NeuAc-2 ,0.106565
8584,MVSHHNLTTGATLINE,GlcNAc-5 Man-3 Gal-3 NeuAc-2 ,0.123521
8617,MVSHHNLTTGATLINE,GlcNAc-5 Man-3 Gal-3 Fuc-1 NeuAc-3 ,0.0868833
8628,MVSHHNLTTGATLINE,GlcNAc-4 Man-3 Gal-2 NeuAc-2 ,0.122141
8743,MVSHHNLTTGATLINE,GlcNAc-5 Man-3 Gal-3 NeuAc-3 ,0.0901341
8759,MVSHHNLTTGATLINE,GlcNAc-5 Man-3 Gal-3 NeuAc-3 ,0.110546
8779,MVSHHNLTTGATLINE,GlcNAc-4 Man-3 Gal-2 NeuAc-2 ,0.0917783
8783,KQLVEIEKVVLHPNYSQVD,GlcNAc-11 Man-3 Gal-7 Fuc-2 ,0.0485121
8795,MVSHHNLTTGATLINE,GlcNAc-4 Man-3 Gal-2 NeuAc-2 ,0.11316
8983,MVSHHNLTTGATLINE,GlcNAc-4 Man-3 Gal-2 NeuAc-2 ,0.0999464
9133,MVSHHNLTTGATLINE,GlcNAc-4 Man-3 Gal-2 NeuAc-2 ,0.276829
9616,MVSHHNLTTGATLINE,GlcNAc-4 Man-3 Gal-2 NeuAc-2 ,0.110349
10034,MVSHHNLTTGATLINE,GlcNAc-4 Man-3 Gal-2 NeuAc-2 ,0.0516879
10108,MVSHHNLTTGATLINE,GlcNAc-4 Man-3 Gal-2 Fuc-2 NeuAc-1 ,0.031346
10755,NATAKDIAPTLTLYVGKK,GlcNAc-6 Man-3 Gal-1 Fuc-1 NeuAc-1 ,0.0297473
10997,GSFPWQAKMVSHHNLTTGATLINE,GlcNAc-4 Man-3 Gal-1 Fuc-1 NeuAc-1 ,0.0398293
11162,VVLHPNYSQVDIGLIKLK,GlcNAc-2 Man-1 ,0.0888027
11182,VVLHPNYSQVDIGLIKLK,GlcNAc-2 Man-1 ,0.139152
11270,KVVLHPNYSQVDIGLIK,GlcNAc-4 Man-3 Gal-2 NeuAc-2 ,0.186772
11362,VVLHPNYSQVDIGLIK,GlcNAc-4 Man-3 Gal-2 NeuAc-2 ,0.13867
11371,QWLLTTAKNLFLNHSE,GlcNAc-2 Man-3 ,0.104283
11431,QWLLTTAKNLFLNHSE,GlcNAc-2 Man-3 ,0.153146
11670,VVLHPNYSQVDIGLIK,GlcNAc-5 Man-3 Gal-3 NeuAc-1 ,0.102949
11928,VVLHPNYSQVDIGLIK,GlcNAc-6 Man-3 Gal-4 Fuc-3 NeuAc-1 ,0.0613635
11958,VVLHPNYSQVDIGLIK,GlcNAc-6 Man-3 Gal-4 NeuAc-2 ,0.145952
12019,VVLHPNYSQVDIGLIK,GlcNAc-5 Man-3 Gal-3 Fuc-2 NeuAc-2 ,0.126318
12021,VVLHPNYSQVDIGLIK,GlcNAc-6 Man-3 Gal-4 NeuAc-2 ,0.0301364
12046,NATAKD,GlcNAc-2 Man-1 ,0.0455858
12060,VVLHPNYSQVDIGLIK,GlcNAc-5 Man-3 Gal-3 NeuAc-2 ,0.125165
12073,VVLHPNYSQVDIGLIK,GlcNAc-4 Man-3 Gal-2 NeuAc-1 ,0.243716
12079,VVLHPNYSQVDIGLIK,GlcNAc-4 Man-3 Gal-2 NeuAc-2 ,0.158602
12097,VVLHPNYSQVDIGLIK,GlcNAc-3 Man-3 Gal-1 NeuAc-1 ,0.367532
12127,VVLHPNYSQVDIGLIK,GlcNAc-4 Man-3 Gal-2 NeuAc-2 ,0.155594
12215,VVLHPNYSQVDIGLIK,GlcNAc-6 Man-3 Gal-4 Fuc-4 NeuAc-2 ,0.095714
12222,VVLHPNYSQVDIGLIK,GlcNAc-8 Man-3 Gal-6 Fuc-1 NeuAc-1 ,0.0857704
12246,VVLHPNYSQVDIGLIK,GlcNAc-6 Man-3 Gal-4 NeuAc-3 ,0.0479417
12265,VVLHPNYSQVDIGLIK,GlcNAc-5 Man-3 Gal-3 Fuc-3 NeuAc-2 ,0.15002
12293,VVLHPNYSQVDIGLIK,GlcNAc-5 Man-3 Gal-3 NeuAc-3 ,0.194936
12309,VVLHPNYSQVDIGLIK,GlcNAc-5 Man-3 Gal-3 Fuc-4 NeuAc-2 ,0.174048
12344,QWLLTTAKNLFLNHSE,GlcNAc-2 Man-3 ,0.12535
12500,VVLHPNYSQVDIGLIK,GlcNAc-6 Man-3 Gal-4 NeuAc-4 ,0.0855791
12872,QWLLTTAKNLFLNHSE,GlcNAc-2 Man-3 ,0.126116
14257,KVVLHPNYSQVDIGLIKLK,GlcNAc-6 Man-3 Gal-2 Fuc-4 ,0.0420913
14535,QWLLTTAKNLFLNHSE,GlcNAc-2 Man-1 ,0.138579
14538,QWLLTTAKNLFLNHSE,GlcNAc-2 Man-1 ,0.0710257
14976,KVVLHPNYSQVDIGLIK,GlcNAc-2 Man-1 Fuc-1 ,0.103806
15385,KVVLHPNYSQVDIGLIK,GlcNAc-2 Man-1 Fuc-1 ,0.0791232
15583,KVVLHPNYSQVDIGLIK,GlcNAc-2 Man-1 Fuc-1 ,0.0720438
15616,NLFLNHSENATAK,GlcNAc-2 Man-2 Fuc-1 ,0.0822528
